name,number,email,address,date_created, time_created
Gilbert,5145719194,gilbert@gmail.com,77 Rue hahah,2021-03-05
Culture,542890789,ekale@gmail,90 Rue HEHE,2021-03-05
Ekale,5145719194,ekalehan@gmail.com,78 true sher,2021-03-05
MarieSoleil,438907890,amries@gmail.com,67 Rue,2021-03-05
Erupe,25474089792,erupe@gmail.com,89 loiyangalani,2021-03-05
Mike,3459067383,mike@gmail.com,90 Reu okaa,2021-03-05
Charles,4353,charles@gmail.com,23 Unicode,2021-03-05
Paul,5145719194,paul@gmail.com,2752 No where,2021-03-23
Jacksonn,88888888,90,qq,2021-03-23
